date;NO2_ASE;NO2_QDP

2021-10-25 14:00;29448.64583;34.9

2021-10-25 15:00;29467.74173;31.5

2021-10-25 16:00;29406.1875;47.3

2021-10-25 17:00;29365.20313;49.1

2021-10-25 18:00;29265.80882;68.2

2021-10-25 19:00;29249.04688;63.2

2021-10-25 20:00;29287.74265;51.4

2021-10-25 21:00;29282.04688;51.8

2021-10-25 22:00;29306.60754;43.6

2021-10-25 23:00;29328.21875;36.2

2021-10-26 00:00;29357.20313;28.6

2021-10-26 01:00;29357.94393;29.5

2021-10-26 02:00;29357.75;27

2021-10-26 03:00;29318.44393;38.6

2021-10-26 04:00;29311.89063;44.7

2021-10-26 05:00;29343.52665;39.1

2021-10-26 06:00;29284.73438;56.6

2021-10-26 07:00;29239.01563;66.6

2021-10-26 08:00;29269.15349;57.1

2021-10-26 09:00;29321.20313;39.2

2021-10-26 10:00;29318.81618;41.2

2021-10-26 11:00;29323.4375;35.7

2021-10-26 12:00;29333.02757;34.7

2021-10-26 13:00;29349.28125;35.8

2021-10-26 14:00;29367.98438;34.5

2021-10-26 15:00;29351.39798;50.4

2021-10-26 16:00;29290.03125;73.7

2021-10-26 17:00;29272.87408;72.6

2021-10-26 18:00;29293.10938;59.3

2021-10-26 19:00;29296.89063;55.8

2021-10-26 20:00;29350.32813;33.7

2021-10-26 21:00;29368.34375;25.2

2021-10-26 22:00;29355.57261;28.4

2021-10-26 23:00;29394.51563;14.5

2021-10-27 00:00;29407.25643;12.3

2021-10-27 01:00;29410.0625;10.2

2021-10-27 02:00;29388.51563;17.2

2021-10-27 03:00;29388.08364;16.6

2021-10-27 04:00;29368.85938;23.6

2021-10-27 05:00;29346.19393;31.1

2021-10-27 06:00;29322.5;41.8

2021-10-27 07:00;29333.95037;38.3

2021-10-27 08:00;29347.84375;33.9

2021-10-27 09:00;29369.84191;25.9

2021-10-27 10:00;29380.41667;24.9

2021-10-27 11:00;29414.76563;19.1

2021-10-27 12:00;29450.22243;14.4

2021-10-27 13:00;29443.98438;19.2

2021-10-27 14:00;29440.56066;19.3

2021-10-27 15:00;29457.35938;22.9

2021-10-27 16:00;29441.26563;28.7

2021-10-27 17:00;29330.25919;53.5

2021-10-27 18:00;29277.78125;58.5

2021-10-27 19:00;29299.56893;46.8

2021-10-27 20:00;29323.85938;37.4

2021-10-27 21:00;29331.25092;35.9

2021-10-27 22:00;29366.07813;24.4

2021-10-27 23:00;29378.4375;20.3

2021-10-28 00:00;29385.75919;18.1

2021-10-28 01:00;29391.17188;14.5

2021-10-28 02:00;29397.59559;12.1

2021-10-28 03:00;29397.53125;12.5

2021-10-28 04:00;29392.14154;16.5

2021-10-28 05:00;29360.46875;27.7

2021-10-28 06:00;29337.21875;37.3

2021-10-28 07:00;29311.71507;44.6

2021-10-28 08:00;29309.78125;42.2

2021-10-28 09:00;29321.17831;35

2021-10-28 10:00;29405.95833;20.9

2021-10-28 11:00;29416.04688;21.3

2021-10-28 12:00;29454.10938;19.6

2021-10-28 13:00;29453.09375;20.3

2021-10-28 14:00;29472.98162;20.9

2021-10-28 15:00;29471.46875;25.2

2021-10-28 16:00;29429.63235;33.2

2021-10-28 17:00;29353.25;46.3

2021-10-28 18:00;29307.3125;50.9

2021-10-28 19:00;29365.35478;28.9

2021-10-28 20:00;29377.42188;23.2

2021-10-28 21:00;29368.80423;24.1

2021-10-28 22:00;29372.84375;22.6

2021-10-28 23:00;29380.86673;17.9

2021-10-29 00:00;29386.42188;16.2

2021-10-29 01:00;29392.75;14.3

2021-10-29 02:00;29409.77941;10.1

2021-10-29 03:00;29416.42188;9.1

2021-10-29 04:00;29413.3079;10.2

2021-10-29 05:00;29409.8125;12

2021-10-29 06:00;29354.96232;32.9

2021-10-29 07:00;29365.20313;28.6

2021-10-29 08:00;29359.60938;31.3

2021-10-29 09:00;29353.26746;30.5

2021-10-29 10:00;29339.04167;32.3

2021-10-29 11:00;29338.11489;25.6

2021-10-29 12:00;29385.4375;15.5

2021-10-29 13:00;29407.50643;16.1

2021-10-29 14:00;29412.60938;20.9

2021-10-29 15:00;29351.17188;35.8

2021-10-29 16:00;29296.3943;41.8

2021-10-29 17:00;29250.29688;45.5

2021-10-29 18:00;29178.58456;78.7

2021-10-29 19:00;29197.17188;76.6

2021-10-29 20:00;29228.93199;68.5

2021-10-29 21:00;29283.375;51.1

2021-10-29 22:00;29358.26563;24.6

2021-10-29 23:00;29391.69853;12.6

2021-10-30 00:00;29387.78125;15.6

2021-10-30 01:00;29409.81342;9

2021-10-30 02:00;29405.6875;7.1

2021-10-30 03:00;29413.60417;5.7

2021-10-30 04:00;29412.44026;7.6

2021-10-30 05:00;29412.0625;9.8

2021-10-30 06:00;29400.18107;13.5

2021-10-30 07:00;29382.85938;16.3

2021-10-30 08:00;29368.82169;21.2

2021-10-30 09:00;29344.625;28.4

2021-10-30 10:00;29331;34.5

2021-10-30 11:00;29358.82813;28.4

2021-10-30 12:00;29411.73438;21.8

2021-10-30 13:00;29390.0239;30.8

2021-10-30 14:00;29432.98438;27.4

2021-10-30 15:00;29412.32445;37.1

2021-10-30 16:00;29372.75;45.5

2021-10-30 17:00;29313.92188;57.8

2021-10-30 18:00;29236.98713;73.2

2021-10-30 19:00;29258.375;62.1

2021-10-30 20:00;29284.10754;51.5

2021-10-30 21:00;29325.60938;37

2021-10-30 22:00;29316.35938;39.2

2021-10-30 23:00;29343.01471;25.1

2021-10-31 00:00;29329.75;35.6

2021-10-31 01:00;29330.34099;36.8

2021-10-31 02:00;29376.98438;16.5

2021-10-31 03:00;29406.67923;7.9

2021-10-31 04:00;29422.26563;4.8

2021-10-31 05:00;29425.39063;4.7

2021-10-31 06:00;29415.13235;5.5

2021-10-31 07:00;29420.71875;4

2021-10-31 08:00;29421.6829;5.5

2021-10-31 09:00;29418.39063;6.9

2021-10-31 10:00;29400.76348;9.4

2021-10-31 11:00;29372.25;15.5

2021-10-31 12:00;29327.14063;23.6

2021-10-31 13:00;29379.63971;8.4

2021-10-31 14:00;29386.07813;23.5

2021-10-31 15:00;29404.40625;15.7

2021-10-31 16:00;29442.26563;22.8

2021-10-31 17:00;29398.91452;37

2021-10-31 18:00;29299.09375;57

2021-10-31 19:00;29343.29688;39.2

2021-10-31 20:00;29310.04688;45.4

2021-10-31 21:00;29337.79688;30.8

2021-10-31 22:00;29369.90993;19.9

2021-10-31 23:00;29384.01563;16.1

2021-11-01 00:00;29386.45956;14.2

2021-11-01 01:00;29386.78125;13.6

2021-11-01 02:00;29396.35938;12.3

2021-11-01 03:00;29406.90165;10.1

2021-11-01 04:00;29417.67188;8.4

2021-11-01 05:00;29409.43934;9

2021-11-01 06:00;29406.625;8.6

2021-11-01 07:00;29401.01563;10.2

2021-11-01 08:00;29378.58915;14.9

2021-11-01 09:00;29407.34375;9.3

2021-11-01 10:00;29445;7.5

2021-11-01 11:00;29460.42188;10.8

2021-11-01 12:00;29451.16085;15.6

2021-11-01 13:00;29431.29688;18.2

2021-11-01 14:00;29276.57629;53

2021-11-01 15:00;29364.76563;30.7

2021-11-01 16:00;29412.29688;26.9

2021-11-01 17:00;29356.25368;40

2021-11-01 18:00;29250.8125;64.3

2021-11-01 19:00;29297.33088;40.4

2021-11-01 20:00;29274.03125;46.1

2021-11-01 21:00;29315.25;33.2

2021-11-01 22:00;29354.55974;21.3

2021-11-01 23:00;29369.5625;18.6

2021-11-02 00:00;29381.33364;14.7

2021-11-02 01:00;29400.78125;8.2

2021-11-02 02:00;29398.80882;9

2021-11-02 03:00;29392.95313;10.7

2021-11-02 04:00;29377.82813;15.5

2021-11-02 05:00;29333.36305;31.8

2021-11-02 06:00;29298.28125;48.6

2021-11-02 07:00;29255.94577;60.5

2021-11-02 08:00;29250.07813;61.1

2021-11-02 09:00;29278.80699;51.1

2021-11-02 10:00;29353.35417;35.3

2021-11-02 11:00;29402.39063;23.5

2021-11-02 12:00;29434.9807;23.7

2021-11-02 13:00;29446.625;26.5

2021-11-02 14:00;29315.86029;53.9

2021-11-02 15:00;29358.64063;50.2

2021-11-02 16:00;29276.02574;68.5

2021-11-02 17:00;29252.09375;63.9

2021-11-02 18:00;29184.5;77

2021-11-02 19:00;29215.36121;65.6

2021-11-02 20:00;29242.90625;58.7

2021-11-02 21:00;29294.57169;41

2021-11-02 22:00;29316.26563;34.6

2021-11-02 23:00;29341.35938;28.5

2021-11-03 00:00;29353.73529;23.5

2021-11-03 01:00;29356.4375;23.3

2021-11-03 02:00;29365.28033;22.3

2021-11-03 03:00;29376.46875;19.1

2021-11-03 04:00;29375.42831;19.2

2021-11-03 05:00;29347.35938;29.3

2021-11-03 06:00;29310.3125;40.3

2021-11-03 07:00;29292.79596;46.9

2021-11-03 08:00;29271.0625;50.6

2021-11-03 09:00;29268.23162;47.7

2021-11-03 10:00;29259.95833;53.6

2021-11-03 11:00;29274.74357;58.9

2021-11-03 12:00;29352.17188;45.6

2021-11-03 13:00;29253.35938;60.7

2021-11-03 14:00;29350.58088;45.3

2021-11-03 15:00;29360.14063;51.5

2021-11-03 16:00;29321.65533;59.5

2021-11-03 17:00;29229.35938;81.5

2021-11-03 18:00;29165.15717;93.8

2021-11-03 19:00;29197.67188;77.1

2021-11-03 20:00;29254.15625;55.5

2021-11-03 21:00;29290.99449;43.6

2021-11-03 22:00;29311.32813;38

2021-11-03 23:00;29316.58088;37.1

2021-11-04 00:00;29327.67188;33.5

2021-11-04 01:00;29313.29228;33.1

2021-11-04 02:00;29284.29688;37.9

2021-11-04 03:00;29308.125;30.9

2021-11-04 04:00;29311.02849;33.5

2021-11-04 05:00;29286.82813;44.4

2021-11-04 06:00;29260.45313;58.4

2021-11-04 07:00;29185.75;85.3

2021-11-04 08:00;29184.78952;82

2021-11-04 09:00;29245.28125;60.3

2021-11-04 10:00;NA;50.9

2021-11-04 11:00;NA;49.5

2021-11-04 12:00;NA;44.4

2021-11-04 13:00;NA;44

2021-11-04 14:00;NA;58.3

2021-11-04 15:00;NA;63.9

2021-11-04 16:00;NA;74.7

2021-11-04 17:00;NA;88

2021-11-04 18:00;NA;82.9

2021-11-04 19:00;NA;54.3

2021-11-04 20:00;NA;66.1

2021-11-04 21:00;NA;38.6

2021-11-04 22:00;NA;30.2

2021-11-04 23:00;NA;23.8

2021-11-05 00:00;NA;22.5

2021-11-05 01:00;NA;20.2

2021-11-05 02:00;NA;27.3

2021-11-05 03:00;NA;21.4

2021-11-05 04:00;NA;33.5

2021-11-05 05:00;NA;50.9

2021-11-05 06:00;NA;67.6

2021-11-05 07:00;NA;77.5

2021-11-05 08:00;NA;84.9

2021-11-05 09:00;NA;66.2

2021-11-05 10:00;NA;66.9

2021-11-05 11:00;29327.33272;50.1

2021-11-05 12:00;29348.45313;51.9

2021-11-05 13:00;29381.93015;44

2021-11-05 14:00;29304.48438;66.3

2021-11-05 15:00;29282.07261;65.8

2021-11-05 16:00;29261.73438;71.4

2021-11-05 17:00;29205.78125;89.1

2021-11-05 18:00;29155.83272;93.4

2021-11-05 19:00;29209.28125;69.5

2021-11-05 20:00;29253.77757;53.6

2021-11-05 21:00;29290.40625;42.6

2021-11-05 22:00;29327.30147;31.9

2021-11-05 23:00;29333.10938;29.8

2021-11-06 00:00;29337.90625;29.5

2021-11-06 01:00;29336.25;29.1

2021-11-06 02:00;29354.1875;26.7

2021-11-06 03:00;29347.09559;28.7

2021-11-06 04:00;29344.6875;26.4

2021-11-06 05:00;29332.65074;29.8

2021-11-06 06:00;29339.21875;28.8

2021-11-06 07:00;29346.39063;28.1

2021-11-06 08:00;29321.55423;36.2

2021-11-06 09:00;29307.35417;38.5

2021-11-06 10:00;29290.97978;36.8

2021-11-06 11:00;29301.53125;45.1

2021-11-06 12:00;29286.8125;52.6

2021-11-06 13:00;29281.4761;54.9

2021-11-06 14:00;29291.14063;51.9

2021-11-06 15:00;29322.86489;46.4

2021-11-06 16:00;29320.26563;47.2

2021-11-06 17:00;29245.15165;65.3

2021-11-06 18:00;29209.59375;73.3

2021-11-06 19:00;29190.15625;74.7

2021-11-06 20:00;29270.03676;46.7

2021-11-06 21:00;29336.40625;28.6

2021-11-06 22:00;29352.47794;25

2021-11-06 23:00;29350.8125;23.6

2021-11-07 00:00;29347.78493;24.7

2021-11-07 01:00;29350.71875;20.6

2021-11-07 02:00;29364.90717;14.9

2021-11-07 03:00;29380.03125;10.3

2021-11-07 04:00;29383.10938;8

2021-11-07 05:00;29380.92923;9

2021-11-07 06:00;29355.5625;17.2

2021-11-07 07:00;29341.52206;24.3

2021-11-07 08:00;29317.03125;37.7

2021-11-07 09:00;29367.9326;31.9

2021-11-07 10:00;29375.14063;32

2021-11-07 11:00;29382.09375;32

2021-11-07 12:00;29404.39982;33

2021-11-07 13:00;29392.57813;35.6

2021-11-07 14:00;29405.93658;34.5

2021-11-07 15:00;29368.0625;40

2021-11-07 16:00;29349.23438;41.1

2021-11-07 17:00;29230.85478;71.3

2021-11-07 18:00;29178.53125;81.9

2021-11-07 19:00;29155.97151;87

2021-11-07 20:00;29185.14063;78.6

2021-11-07 21:00;29269.6829;50.9

2021-11-07 22:00;29310.57813;36.7

2021-11-07 23:00;29334.26563;29.7

2021-11-08 00:00;29342.41085;26.4

2021-11-08 01:00;29357.39063;22.1

2021-11-08 02:00;29372.60754;18.2

2021-11-08 03:00;29380.09375;15.5

2021-11-08 04:00;29374.66268;17.7

2021-11-08 05:00;29342.54688;24.4

2021-11-08 06:00;29293.73438;41.9

2021-11-08 07:00;29259.61581;53.5

2021-11-08 08:00;29249.70313;57.8

2021-11-08 09:00;29263.01471;50

2021-11-08 10:00;29273.28125;46.5

2021-11-08 11:00;29261.15625;52.2

2021-11-08 12:00;29283.35846;57.1

2021-11-08 13:00;29354.3125;49.1

2021-11-08 14:00;29339.51563;52.8

2021-11-08 15:00;29308.29688;62.7

2021-11-08 16:00;29217.32813;83.7

2021-11-08 17:00;29134.67188;100.1

2021-11-08 18:00;29148.01563;90.6

2021-11-08 19:00;29231.32629;62.2

2021-11-08 20:00;29264.54688;50.2

2021-11-08 21:00;29294.83272;41.4

2021-11-08 22:00;29324.5;32.5

2021-11-08 23:00;29340.6636;26.7

2021-11-09 00:00;29348.85938;24.6

2021-11-09 01:00;29371.76563;19.5

2021-11-09 02:00;29371.57537;18.3

2021-11-09 03:00;29367.59375;17.9

2021-11-09 04:00;29363.12132;21.2

2021-11-09 05:00;29348.95313;24.2

2021-11-09 06:00;29329.66636;29.7

2021-11-09 07:00;29314.51563;34.8

2021-11-09 08:00;29308.3125;36.4

2021-11-09 09:00;29290.17279;40.9

2021-11-09 10:00;29286.82813;44.8

2021-11-09 11:00;29274.88695;46.4

2021-11-09 12:00;29286.25;44.6

2021-11-09 13:00;29311.14338;50.4

2021-11-09 14:00;29374.09375;38.2

2021-11-09 15:00;29391.6875;37

2021-11-09 16:00;29318.29228;56.1

2021-11-09 17:00;29205.20313;84

2021-11-09 18:00;29184.62316;82.7

2021-11-09 19:00;29243.26563;58.5

2021-11-09 20:00;29297.8318;39.7

2021-11-09 21:00;29307.89063;37.1

2021-11-09 22:00;29334.59375;29.9

2021-11-09 23:00;29349.60386;25

2021-11-10 00:00;29351.96875;24

2021-11-10 01:00;29351.65533;23

2021-11-10 02:00;29371.59375;19.5

2021-11-10 03:00;29384.375;15.8

2021-11-10 04:00;29370.30974;19.6

2021-11-10 05:00;29372.96875;20.3

2021-11-10 06:00;29325.9375;32.6

2021-11-10 07:00;29304.75;44.4

2021-11-10 08:00;29259.95625;56.7

2021-11-10 09:00;29275.16667;44.4

2021-11-10 10:00;29303.59375;36.9

2021-11-10 11:00;29305.92004;39.1

2021-11-10 12:00;29311.14063;40.9

2021-11-10 13:00;29294.86305;49.1

2021-11-10 14:00;29265.98438;59.3

2021-11-10 15:00;29218.65074;74.3

2021-11-10 16:00;29179.15625;83.3

2021-11-10 17:00;29148.8125;89.6

2021-11-10 18:00;29076.89982;112.4

2021-11-10 19:00;29110.96875;101.7

2021-11-10 20:00;29169.53493;82.5

2021-11-10 21:00;29217.78125;66.4

2021-11-10 22:00;29256.00092;53.8

2021-11-10 23:00;29270.5;48.6

2021-11-11 00:00;29295.07813;42.2

2021-11-11 01:00;29320.35938;34.4

2021-11-11 02:00;29327.92188;32.6

2021-11-11 03:00;29333.58732;30.2

2021-11-11 04:00;29336.40625;28.6

2021-11-11 05:00;29346.46875;27.1

2021-11-11 06:00;29357.11305;25.5

2021-11-11 07:00;29363.42188;22.4

2021-11-11 08:00;29363.30515;21.7

2021-11-11 09:00;29349.20833;26

2021-11-11 10:00;29338.47886;29.1

2021-11-11 11:00;29315.26563;35.7

2021-11-11 12:00;29327.75;36.7

2021-11-11 13:00;29354.04779;37.1

2021-11-11 14:00;29346.65625;45.4

2021-11-11 15:00;29404.04963;31.6

2021-11-11 16:00;29374;40.8

2021-11-11 17:00;29219.1682;77.7

2021-11-11 18:00;29230.35938;66.3

2021-11-11 19:00;29274;47.9

2021-11-11 20:00;29302.49449;37.3

2021-11-11 21:00;29310.07813;34.9

2021-11-11 22:00;29331.3511;29.6

2021-11-11 23:00;29339.53125;26.9

2021-11-12 00:00;29339.59191;27.6

2021-11-12 01:00;29335.60938;28.5

2021-11-12 02:00;29338.3125;29.3

2021-11-12 03:00;29344.13419;28.2

2021-11-12 04:00;29331.59375;31.6

2021-11-12 05:00;29311.94118;38.8

2021-11-12 06:00;29287.34375;47.4

2021-11-12 07:00;29258.8125;55.4

2021-11-12 08:00;29260.85478;53.3

2021-11-12 09:00;29257.04167;52.7

2021-11-12 10:00;29294.16452;44.4

2021-11-12 11:00;29362.32813;28.9

2021-11-12 12:00;29347.50368;30.5

2021-11-12 13:00;29356.1875;32.5

2021-11-12 14:00;29297.26563;53.7

2021-11-12 15:00;29188.63603;80.6

2021-11-12 16:00;29150.79688;76

2021-11-12 17:00;29217.12684;55.8

2021-11-12 18:00;29195.45313;64.5

2021-11-12 19:00;29258.32996;49.4

2021-11-12 20:00;29313.15625;33.8

2021-11-12 21:00;29343.875;25.2

2021-11-12 22:00;29380.08548;15.2

2021-11-12 23:00;29377.29688;12.6

2021-11-13 00:00;29374.90717;13.9

2021-11-13 01:00;29389.92188;9.8

2021-11-13 02:00;29378.58732;13.2

2021-11-13 03:00;29392.64063;8.6

2021-11-13 04:00;29380.54688;11.7

2021-11-13 05:00;29353.5864;19.9

2021-11-13 06:00;29328.79688;29.4

2021-11-13 07:00;29292.21599;42.5

2021-11-13 08:00;29239.39063;59.8

2021-11-13 09:00;29231.83333;61.3

2021-11-13 10:00;29240.61213;62.2

2021-11-13 11:00;29219;72.6

2021-11-13 12:00;29279.02574;58.7

2021-11-13 13:00;29344.70313;39.4

2021-11-13 14:00;29265.58456;59

2021-11-13 15:00;29264.8125;54.8

2021-11-13 16:00;29219.28585;68.3

2021-11-13 17:00;29149.51563;85.2

2021-11-13 18:00;29179.14063;72.9

2021-11-13 19:00;29250.48621;56.8

2021-11-13 20:00;29248.89063;56.7

2021-11-13 21:00;29218.28676;64.2

2021-11-13 22:00;29228.26563;60.9

2021-11-13 23:00;29261.70313;49.3

2021-11-14 00:00;29286.07904;42.3

2021-11-14 01:00;29286.1625;44.5

2021-11-14 02:00;29281.85478;46.8

2021-11-14 03:00;29308.26563;38.9

2021-11-14 04:00;29318.57721;34.9

2021-11-14 05:00;29319.10938;34.3

2021-11-14 06:00;29292.60294;44.6

2021-11-14 07:00;29292.92188;42.7

2021-11-14 08:00;29308.07813;36.9

2021-11-14 09:00;29306.80882;35.7

2021-11-14 10:00;29305.85938;38

2021-11-14 11:00;29344.69761;29.2

2021-11-14 12:00;29385.23438;26.4

2021-11-14 13:00;29401.1875;26.9

2021-11-14 14:00;29407.35662;30

2021-11-14 15:00;29362.76563;34.5

2021-11-14 16:00;29333.64338;37.9

2021-11-14 17:00;29269.875;55.1

2021-11-14 18:00;29225.77574;67.8

2021-11-14 19:00;29234.625;64.1

2021-11-14 20:00;29301.03125;41.3

2021-11-14 21:00;29286.7739;45.1

2021-11-14 22:00;29268.34375;51.4

2021-11-14 23:00;29307.4761;39.6

2021-11-15 00:00;29340;27.9

2021-11-15 01:00;29360.94945;21.8

2021-11-15 02:00;29373.79688;18.5

2021-11-15 03:00;29346.03125;24.9

2021-11-15 04:00;29343.30607;24.3

2021-11-15 05:00;29350.84375;23.3

2021-11-15 06:00;29318.1443;36.4

2021-11-15 07:00;29291.48438;45.8

2021-11-15 08:00;29286.5625;48.8

2021-11-15 09:00;29317.68505;37.3

2021-11-15 10:00;29314.875;38.2

2021-11-15 11:00;29311.40165;40.3

2021-11-15 12:00;29306.64063;42.9

2021-11-15 13:00;29306.76287;44.3

2021-11-15 14:00;29293.75;49.5

2021-11-15 15:00;29299.04688;48.8

2021-11-15 16:00;29261.76654;58.8

2021-11-15 17:00;29233.32813;66

2021-11-15 18:00;29243.72059;61.8

2021-11-15 19:00;29253.57813;59.2

2021-11-15 20:00;29242.89982;63.4

2021-11-15 21:00;29271.625;53.5

2021-11-15 22:00;29342.64063;29.3

2021-11-15 23:00;29354.58548;26.1

2021-11-16 00:00;29354.85938;26.1

2021-11-16 01:00;29365.89522;21.2

2021-11-16 02:00;29340.28125;28.8

2021-11-16 03:00;29326.98254;32.2

2021-11-16 04:00;29327.3125;31.8

2021-11-16 05:00;29327.32813;31.9

2021-11-16 06:00;29283.07629;46

2021-11-16 07:00;29263.78125;51.2

2021-11-16 08:00;29247.72059;55.4

2021-11-16 09:00;29273.41667;45.5

2021-11-16 10:00;29267.84559;47.5

2021-11-16 11:00;29284.6875;42.9

2021-11-16 12:00;29294.67188;40.1

2021-11-16 13:00;29298.57353;39.3

2021-11-16 14:00;29293.25;41.5

2021-11-16 15:00;29280.10478;43.7

2021-11-16 16:00;29260.67188;48.8

2021-11-16 17:00;29253.53768;51

2021-11-16 18:00;29243.89063;55

2021-11-16 19:00;29261.48438;49

2021-11-16 20:00;29276.53952;45.5

2021-11-16 21:00;29297.25;39.8

2021-11-16 22:00;29311.66728;35.7

2021-11-16 23:00;29327.21875;32.1

2021-11-17 00:00;29333.63787;29.9

2021-11-17 01:00;29331.29688;31.4

2021-11-17 02:00;29332.73438;29.9

2021-11-17 03:00;29347.90717;25.2

2021-11-17 04:00;29331.71875;29.8

2021-11-17 05:00;29328.01011;30.5

2021-11-17 06:00;29286.9375;42.6

2021-11-17 07:00;29252.42188;53.3

2021-11-17 08:00;29233.96507;58.1

2021-11-17 09:00;29226.25;58.9

2021-11-17 10:00;29215.35478;65

2021-11-17 11:00;29248.71875;57.7

2021-11-17 12:00;29280.59375;54.1

2021-11-17 13:00;29273.37224;61.7

2021-11-17 14:00;29325.25;51.4

2021-11-17 15:00;29342.80239;49.9

2021-11-17 16:00;29288.75;61.5

2021-11-17 17:00;29151.34283;97.5

2021-11-17 18:00;29102.9375;104.4

2021-11-17 19:00;29133.15625;90

2021-11-17 20:00;29194.9375;70.3

2021-11-17 21:00;29272.35938;48.4

2021-11-17 22:00;29299.42096;39.9

2021-11-17 23:00;29301.40625;39.6

2021-11-18 00:00;29321.64982;34.2

2021-11-18 01:00;29328.95313;30.1

2021-11-18 02:00;29345.67188;26.9

2021-11-18 03:00;29349.60018;23.9

2021-11-18 04:00;29331.10938;29.9

2021-11-18 05:00;29327.0625;30.2

2021-11-18 06:00;29288.67188;42.9

2021-11-18 07:00;29271.61029;48.8

2021-11-18 08:00;29273.01563;47.3

2021-11-18 09:00;29268.64583;49.6

2021-11-18 10:00;29264.0625;49.9

2021-11-18 11:00;29266.67188;49.7

2021-11-18 12:00;29283.58364;50.3

2021-11-18 13:00;29297.95313;48

2021-11-18 14:00;29278.30147;NA

2021-11-18 15:00;29239.29688;NA

2021-11-18 16:00;29202.48438;79.9

2021-11-18 17:00;29149.44945;91.8

2021-11-18 18:00;29147.0625;91.8

2021-11-18 19:00;29145.47886;90

2021-11-18 20:00;29167.59375;82.9

2021-11-18 21:00;29182.12316;79.6

2021-11-18 22:00;29258.79688;54.7

2021-11-18 23:00;29264.53125;53.2

2021-11-19 00:00;29250.1875;57.6

2021-11-19 01:00;29283.26563;45.7

2021-11-19 02:00;29310.25827;36

2021-11-19 03:00;29313.09375;36.7

2021-11-19 04:00;29301.89063;39.3

2021-11-19 05:00;29280.7307;45.9

2021-11-19 06:00;29220.14063;65.1

2021-11-19 07:00;29185.92647;74.7

2021-11-19 08:00;29183.92188;75.8

2021-11-19 09:00;29210.95833;67.2

2021-11-19 10:00;29232.54688;62.2

2021-11-19 11:00;29244.33272;62.1

2021-11-19 12:00;29280.79688;53.9

2021-11-19 13:00;29308.10938;48.3

2021-11-19 14:00;29285.01746;52.8

2021-11-19 15:00;29240.09375;64.2

2021-11-19 16:00;29228.47978;69.4

2021-11-19 17:00;29223.875;68.5

2021-11-19 18:00;29262.98438;54.7

2021-11-19 19:00;29220.35386;66.3

2021-11-19 20:00;29272.45313;49.6

2021-11-19 21:00;29318.88051;33.4

2021-11-19 22:00;29312.875;36.5

2021-11-19 23:00;29316.58456;35

2021-11-20 00:00;29351.64063;21.9

2021-11-20 01:00;29371.34375;16.5

2021-11-20 02:00;29392.71507;9.8

2021-11-20 03:00;29389.40625;10.6

2021-11-20 04:00;29387.01746;11.5

2021-11-20 05:00;29378.6875;14.4

2021-11-20 06:00;29343.10754;26.1

2021-11-20 07:00;29372.39063;17.5

2021-11-20 08:00;29329.9375;32.5

2021-11-20 09:00;29342.38235;29.6

2021-11-20 10:00;29339.26563;30.1

2021-11-20 11:00;29334.4136;32

2021-11-20 12:00;29279.4375;49.7

2021-11-20 13:00;29316.71783;37.8

2021-11-20 14:00;29324;33.8

2021-11-20 15:00;29309.32813;38.8

2021-11-20 16:00;29291.8171;45.4

2021-11-20 17:00;29308.20313;38.2

2021-11-20 18:00;29255.91452;54

2021-11-20 19:00;29246.65625;55.9

2021-11-20 20:00;29318.97151;34.2

2021-11-20 21:00;29320.23438;32

2021-11-20 22:00;29318.54688;33

2021-11-20 23:00;29317.43199;32.4

2021-11-21 00:00;29325.5;28.9

2021-11-21 01:00;29324.90165;28.6

2021-11-21 02:00;29364.40625;18.2

2021-11-21 03:00;29368.375;16.3

2021-11-21 04:00;29365.38143;17.1

2021-11-21 05:00;29353.42188;20.8

2021-11-21 06:00;29336.94853;26.8

2021-11-21 07:00;29334.875;28

2021-11-21 08:00;29328.91544;29.5

2021-11-21 09:00;29305.64583;35.9

2021-11-21 10:00;29285.15625;41.8

2021-11-21 11:00;29358.46507;24.6

2021-11-21 12:00;29334;31

2021-11-21 13:00;29363.42463;30

2021-11-21 14:00;29390.84375;25.1

2021-11-21 15:00;29376.28585;25.7

2021-11-21 16:00;29369.85938;30.1

2021-11-21 17:00;29287.64063;51.3

2021-11-21 18:00;29294.30882;46.9

2021-11-21 19:00;29342.92188;31.1

2021-11-21 20:00;29347.7886;27.5

2021-11-21 21:00;29366.875;20.5

2021-11-21 22:00;29384.04688;16.9

2021-11-21 23:00;29389.92188;14.2

2021-11-22 00:00;29398.07813;9.5

2021-11-22 01:00;29407.14798;6.6

2021-11-22 02:00;29410.85938;5.7

2021-11-22 03:00;29413.83272;5.5

2021-11-22 04:00;29399.26563;10.7

2021-11-22 05:00;29366.375;22

2021-11-22 06:00;29340.9568;28.1

2021-11-22 07:00;29286.40625;45.3

2021-11-22 08:00;29255.48897;57

2021-11-22 09:00;29265.77083;48.2

2021-11-22 10:00;29304.46048;44.4

2021-11-22 11:00;29356.65625;33.8

2021-11-22 12:00;29374.71875;26.6

2021-11-22 13:00;29408.23713;22.3

2021-11-22 14:00;29391.45313;24.3

2021-11-22 15:00;29380.88235;31.2

2021-11-22 16:00;29350.45313;45.2

2021-11-22 17:00;29268.69301;62.7

2021-11-22 18:00;29221.1875;68.3

2021-11-22 19:00;29256.89063;54

2021-11-22 20:00;29277.73438;46

2021-11-22 21:00;29312.65625;34.2

2021-11-22 22:00;29318.51287;33.7

2021-11-22 23:00;29324.40625;32.2

2021-11-23 00:00;29331.84283;29.8

2021-11-23 01:00;29342.20313;27.3

2021-11-23 02:00;29323.51563;33.5

2021-11-23 03:00;29336.07261;28.5

2021-11-23 04:00;29295.26563;41.8

2021-11-23 05:00;29216.9807;70.3

2021-11-23 06:00;29216.79688;66.9

2021-11-23 07:00;29156.95313;83.1

2021-11-23 08:00;29155.78033;87.6

2021-11-23 09:00;29193.25;70.8

2021-11-23 10:00;29249.625;56.2

2021-11-23 11:00;29344.15625;35.7

2021-11-23 12:00;29345.48438;39.9

2021-11-23 13:00;29372.65625;34.1

2021-11-23 14:00;29335.63235;39.7

2021-11-23 15:00;29317.01563;43.4

2021-11-23 16:00;29247.8125;63.1

2021-11-23 17:00;29224.86489;65.5

2021-11-23 18:00;29177.6875;72.4

2021-11-23 19:00;29199.48254;64

2021-11-23 20:00;29232.70313;53.6

2021-11-23 21:00;29307.78125;29.3

2021-11-23 22:00;29315.75827;29.3

2021-11-23 23:00;29311.89063;32.3

2021-11-24 00:00;29343.28676;25.2

2021-11-24 01:00;29362.10938;18.8

2021-11-24 02:00;29362.01287;19.5

2021-11-24 03:00;29371.39063;15.9

2021-11-24 04:00;29353.54688;19.9

2021-11-24 05:00;29354.07537;21.7

2021-11-24 06:00;29294.125;40.9

2021-11-24 07:00;29244.09926;57.8

2021-11-24 08:00;29214.95313;69.2

2021-11-24 09:00;29247.5;57.6

2021-11-24 10:00;29283.51563;47

2021-11-24 11:00;29285.54688;45.8

2021-11-24 12:00;29307.19485;45

2021-11-24 13:00;29316.89063;45.8

2021-11-24 14:00;29318.33915;42.8

2021-11-24 15:00;29200.09375;76

2021-11-24 16:00;29172.0193;83.7

2021-11-24 17:00;29099.32813;108.2

2021-11-24 18:00;29114.39583;96.7

2021-11-24 19:00;29187.03033;75.8

2021-11-24 20:00;29233.20313;61.2

2021-11-24 21:00;29265.44853;50.2

2021-11-24 22:00;29298.39063;40.1

2021-11-24 23:00;29307.70313;36.8

2021-11-25 00:00;29323.36857;31.1

2021-11-25 01:00;29330.8125;28.1

2021-11-25 02:00;29343.34835;24.5

2021-11-25 03:00;29325;28.7

2021-11-25 04:00;29301.56526;37.8

2021-11-25 05:00;29328.96875;30.8

2021-11-25 06:00;29276;46.3

2021-11-25 07:00;29206.48529;65.1

2021-11-25 08:00;29216.21875;60

2021-11-25 09:00;29206.375;63.2

2021-11-25 10:00;29211.90625;62.1

2021-11-25 11:00;29187.25551;68.7

2021-11-25 12:00;29199.82813;63.5

2021-11-25 13:00;29191.07813;68.3

2021-11-25 14:00;29191.87132;66.9

2021-11-25 15:00;29262.90625;49.2

2021-11-25 16:00;29222.28493;65.5

2021-11-25 17:00;29183.35938;79

2021-11-25 18:00;29219.18658;67.9

2021-11-25 19:00;29187.34375;77.5

2021-11-25 20:00;29172.51563;83.2

2021-11-25 21:00;29225.5193;64

2021-11-25 22:00;29279.26563;47.7

2021-11-25 23:00;29308.6489;38.4

2021-11-26 00:00;29313.89063;35.7

2021-11-26 01:00;29334.23162;29.6

2021-11-26 02:00;29338;28.1

2021-11-26 03:00;29308.32813;35.2

2021-11-26 04:00;29307.56893;37.6

2021-11-26 05:00;29302;35.8

2021-11-26 06:00;29269.8704;47.1

2021-11-26 07:00;29229.3125;57.8

2021-11-26 08:00;29240.35938;58.1

2021-11-26 09:00;29229.96691;59.7

2021-11-26 10:00;29331.67188;30.6

2021-11-26 11:00;29352.27574;25.8

2021-11-26 12:00;29343.25;24.7

2021-11-26 13:00;29357.1296;20.4

2021-11-26 14:00;29320.76563;30.1

2021-11-26 15:00;29280.65625;40.3

2021-11-26 16:00;29184.8704;69.2

2021-11-26 17:00;29185.14063;72

2021-11-26 18:00;29182.05974;77.3

2021-11-26 19:00;29157.10938;84.2

2021-11-26 20:00;29248.78217;56.8

2021-11-26 21:00;29223.96875;63.8

2021-11-26 22:00;29232.46875;64

2021-11-26 23:00;29193.58732;77.2

2021-11-27 00:00;29329.73438;36

2021-11-27 01:00;29353.21875;25.1

2021-11-27 02:00;29376.64063;16.2

2021-11-27 03:00;29390.13235;10.9

2021-11-27 04:00;29386.65625;10.7

2021-11-27 05:00;29378.76563;12.3

2021-11-27 06:00;29382.87316;13.7

2021-11-27 07:00;29352.29688;21.6

2021-11-27 08:00;29297;36.5

2021-11-27 09:00;29252.45833;49.5

2021-11-27 10:00;29259.7261;49.7

2021-11-27 11:00;29306.4375;36.9

2021-11-27 12:00;29314.39063;33.8

2021-11-27 13:00;29363.1011;22.8

2021-11-27 14:00;29338.57813;31.9

2021-11-27 15:00;29326.48805;37.5

2021-11-27 16:00;29194.45313;72.8

2021-11-27 17:00;29141.96415;83.5

2021-11-27 18:00;29297.98438;37.2

2021-11-27 19:00;29294.26563;41

2021-11-27 20:00;29337.19945;27.5

2021-11-27 21:00;29347.5;22.6

2021-11-27 22:00;29367.66268;18.8

2021-11-27 23:00;29378.92188;15.1

2021-11-28 00:00;29379.625;15.1

2021-11-28 01:00;29380.04688;15.8

2021-11-28 02:00;29389.29688;12.4

2021-11-28 03:00;29392.8704;10.8

2021-11-28 04:00;29385.70313;11.9

2021-11-28 05:00;29389.56066;10.7

2021-11-28 06:00;29373.3125;15.7

2021-11-28 07:00;29376.95313;15.1

2021-11-28 08:00;29360.29688;21.4

2021-11-28 09:00;29370.5;19.3

2021-11-28 10:00;29349.84926;25.6

2021-11-28 11:00;29338.71875;27.5

2021-11-28 12:00;29371.625;26.7

2021-11-28 13:00;29368.875;27.9

2021-11-28 14:00;29374.03125;27.9

2021-11-28 15:00;29315.63695;39.2

2021-11-28 16:00;29308.875;42.1

2021-11-28 17:00;29256.92647;57.3

2021-11-28 18:00;29222.8125;67.5

2021-11-28 19:00;29170.52757;80.1

2021-11-28 20:00;29164.0625;81.8

2021-11-28 21:00;29247.39063;54.6

2021-11-28 22:00;29232.83548;58.9

2021-11-28 23:00;29240.64063;58.6

2021-11-29 00:00;29261.65074;51.6

2021-11-29 01:00;29306.64063;37.7

2021-11-29 02:00;29311.1875;35.9

2021-11-29 03:00;29327.03401;30.9

2021-11-29 04:00;29298.48438;37.8

2021-11-29 05:00;29262.32077;48.3

2021-11-29 06:00;29206.89063;64.5

2021-11-29 07:00;29139.36397;82.7

2021-11-29 08:00;29081.09375;102.6

2021-11-29 09:00;29112.88848;90.6

2021-11-29 10:00;29106.54688;95.6

2021-11-29 11:00;29148.76563;78.2

2021-11-29 12:00;29279.1489;50.4

2021-11-29 13:00;29287.60938;50.2

2021-11-29 14:00;29300.98162;50.1

2021-11-29 15:00;29259.20313;61.4

2021-11-29 16:00;29173.71875;84.3

2021-11-29 17:00;29038.07353;119

2021-11-29 18:00;29060.51563;108.4

2021-11-29 19:00;29063.42647;109.9

2021-11-29 20:00;29185.03125;73.2

2021-11-29 21:00;29208.98897;63.7

2021-11-29 22:00;29212.71875;59.9

2021-11-29 23:00;29334.85938;22.5

2021-11-30 00:00;29360.88235;15.9

2021-11-30 01:00;29379.60938;11.6

2021-11-30 02:00;29383.92096;10.1

2021-11-30 03:00;29364.67188;12.7

2021-11-30 04:00;29348.7886;17

2021-11-30 05:00;29328.3125;24.2

2021-11-30 06:00;29231.375;54.1

2021-11-30 07:00;29207.09375;58.9

2021-11-30 08:00;29219.625;55.7

2021-11-30 09:00;29262.60417;42.6

2021-11-30 10:00;29300.07813;34.8

2021-11-30 11:00;29309.26195;32.4

2021-11-30 12:00;29326.59375;27.9

2021-11-30 13:00;29308.51563;33.3

2021-11-30 14:00;29290.1011;39.2

2021-11-30 15:00;29288.40625;41.5

2021-11-30 16:00;29246.375;51.5

2021-11-30 17:00;29232.5;52.4

2021-11-30 18:00;29285.20588;36.3

2021-11-30 19:00;29312.875;28.9

2021-11-30 20:00;29357.96875;16.2

2021-11-30 21:00;29376.94669;13.6

2021-11-30 22:00;29409.79688;7.1

2021-11-30 23:00;29416.68842;6

2021-12-01 00:00;29420.3125;5.3

2021-12-01 01:00;29420.84375;3.8

2021-12-01 02:00;29412.39338;3

2021-12-01 03:00;29401.67188;2.9

2021-12-01 04:00;29393.18107;4.2

2021-12-01 05:00;29381.96875;6.5

2021-12-01 06:00;29355.82629;15.1

2021-12-01 07:00;29294;37

2021-12-01 08:00;29225.71875;59.9
